Coletânea,Latitude,Longitude,Cidade,Participantes,Compradores,PorcentagemCompradores,LivrosVendidos,Total
7ª Coletânea de Poemas-Sonetos-Cordéis,-32.21682558463208,-52.4033453973676,Rio Grande,1,1,1.0,3.0,145.35
7ª Coletânea de Poemas-Sonetos-Cordéis,-28.651306089383947,-49.12583202300739,Sangão,1,1,1.0,5.0,230.0
7ª Coletânea de Poemas-Sonetos-Cordéis,-27.17324991181695,-48.51748584687266,Bombinhas,1,1,1.0,5.0,225.34
7ª Coletânea de Poemas-Sonetos-Cordéis,-26.828725708400757,-48.727410045831725,Navegantes,1,1,1.0,1.0,58.0
7ª Coletânea de Poemas-Sonetos-Cordéis,-24.2792418799444,-47.01299429546972,Peruíbe,1,1,1.0,1.0,58.010000000000005
7ª Coletânea de Poemas-Sonetos-Cordéis,-24.09223450995626,-46.83451904131375,Itanhaém,1,1,1.0,2.0,98.31
7ª Coletânea de Poemas-Sonetos-Cordéis,-24.015588165911947,-46.52271559086033,Praia Grande,1,1,1.0,1.0,57.07
7ª Coletânea de Poemas-Sonetos-Cordéis,-23.81293441083361,-46.55079323325453,São Bernardo do Campo,1,1,1.0,2.0,92.65
7ª Coletânea de Poemas-Sonetos-Cordéis,-23.70106752053417,-46.40279870449981,Ribeirão Pires,1,1,1.0,1.0,40.01
7ª Coletânea de Poemas-Sonetos-Cordéis,-23.649772734594887,-46.64805277523613,São Paulo,3,3,1.0,5.0,239.51
7ª Coletânea de Poemas-Sonetos-Cordéis,-23.507923235518877,-47.2292840292988,Mairinque,1,1,1.0,2.0,98.28999999999999
7ª Coletânea de Poemas-Sonetos-Cordéis,-23.123212673011,-46.58677921253795,Atibaia,1,1,1.0,3.0,135.89
7ª Coletânea de Poemas-Sonetos-Cordéis,-22.923153344908297,-43.45097574711059,Rio de Janeiro,3,3,1.0,8.0,401.44000000000005
7ª Coletânea de Poemas-Sonetos-Cordéis,-22.915311736386744,-42.8169709581896,Maricá,1,1,1.0,1.0,61.96
7ª Coletânea de Poemas-Sonetos-Cordéis,-22.914179768863,-45.237218532269935,Aparecida,1,1,1.0,1.0,57.07
7ª Coletânea de Poemas-Sonetos-Cordéis,-22.88369221162565,-47.04377412585483,Campinas,1,1,1.0,1.0,51.81
7ª Coletânea de Poemas-Sonetos-Cordéis,-22.563631597382173,-51.52167571504764,Narandiba,1,1,1.0,3.0,139.25
7ª Coletânea de Poemas-Sonetos-Cordéis,-22.373860035183437,-47.57988506425317,Rio Claro,1,1,1.0,1.0,57.07
7ª Coletânea de Poemas-Sonetos-Cordéis,-21.745403092737654,-43.46472955075851,Juiz de Fora,1,1,1.0,1.0,58.0
7ª Coletânea de Poemas-Sonetos-Cordéis,-21.210785854051444,-47.821289177547385,Ribeirão Preto,1,1,1.0,1.0,57.07
7ª Coletânea de Poemas-Sonetos-Cordéis,-20.303955023171984,-39.08952310984636,Vitória,1,1,1.0,1.0,58.0
7ª Coletânea de Poemas-Sonetos-Cordéis,-19.9026455188955,-43.959976375450296,Belo Horizonte,1,1,1.0,1.0,58.05
7ª Coletânea de Poemas-Sonetos-Cordéis,-19.58047625198763,-47.97721950445308,Uberaba,1,1,1.0,1.0,58.0
7ª Coletânea de Poemas-Sonetos-Cordéis,-16.08465951064858,-47.98851599965194,Valparaíso de Goiás,1,1,1.0,1.0,58.010000000000005
7ª Coletânea de Poemas-Sonetos-Cordéis,-16.0807641634827,-49.822845261466384,Itaberaí,1,1,1.0,30.0,1200.0
7ª Coletânea de Poemas-Sonetos-Cordéis,-15.780989331973744,-47.79684222599881,Brasília,2,2,1.0,18.0,791.03
7ª Coletânea de Poemas-Sonetos-Cordéis,-13.218279698566825,-44.38002189116541,Santa Maria da Vitória,1,1,1.0,3.0,148.21
7ª Coletânea de Poemas-Sonetos-Cordéis,-12.21114842373132,-39.77713152037757,Ipirá,1,1,1.0,5.0,233.43
7ª Coletânea de Poemas-Sonetos-Cordéis,-10.994173586029795,-37.09490636235426,Aracaju,1,1,1.0,1.0,58.0
7ª Coletânea de Poemas-Sonetos-Cordéis,-10.220124521865616,-48.15209579471437,Palmas,2,2,1.0,2.0,116.08
7ª Coletânea de Poemas-Sonetos-Cordéis,-8.039333909339504,-34.9330874014771,Recife,1,1,1.0,2.0,107.21000000000001
7ª Coletânea de Poemas-Sonetos-Cordéis,-7.7950253204515665,-36.64653588244566,Congo,1,1,1.0,1.0,58.0
7ª Coletânea de Poemas-Sonetos-Cordéis,-6.739717082656657,-38.22521530761006,Sousa,1,1,1.0,1.0,58.0
7ª Coletânea de Poemas-Sonetos-Cordéis,-5.803168491981682,-35.22884262994936,Natal,1,1,1.0,1.0,58.0
7ª Coletânea de Poemas-Sonetos-Cordéis,-2.6336837953234915,-44.28090324284821,São Luís,1,1,1.0,1.0,58.0
7ª Coletânea de Poemas-Sonetos-Cordéis,-2.505227892705939,-44.12406872559987,Paço do Lumiar,1,1,1.0,1.0,58.0
7ª Coletânea de Poemas-Sonetos-Cordéis,-1.2407089366917534,-48.4599103618659,Belém,1,1,1.0,1.0,58.0
A força da Amizade,-30.09520265051514,-51.16455566334894,Porto Alegre,1,1,1.0,3.0,120.75
A força da Amizade,-29.734725316985852,-51.04905708151664,Novo Hamburgo,1,1,1.0,2.0,87.75
A força da Amizade,-27.17324991181695,-48.51748584687266,Bombinhas,1,1,1.0,10.0,366.27
A força da Amizade,-24.2792418799444,-47.01299429546972,Peruíbe,1,1,1.0,1.0,50.11
A força da Amizade,-24.09223450995626,-46.83451904131375,Itanhaém,1,1,1.0,3.0,117.28999999999999
A força da Amizade,-23.727924883403407,-46.44161157309538,Santo André,1,1,1.0,1.0,44.81
A força da Amizade,-23.649772734594887,-46.64805277523613,São Paulo,3,3,1.0,9.0,337.35
A força da Amizade,-23.507923235518877,-47.2292840292988,Mairinque,1,1,1.0,1.0,50.07
A força da Amizade,-23.21926864550553,-46.82490871975543,Várzea Paulista,1,1,1.0,1.0,50.07
A força da Amizade,-22.93832004855557,-46.55594884151272,Bragança Paulista,1,1,1.0,3.0,117.28
A força da Amizade,-22.923153344908297,-43.45097574711059,Rio de Janeiro,1,1,1.0,3.0,124.71000000000001
A força da Amizade,-22.914179768863,-45.237218532269935,Aparecida,1,1,1.0,3.0,117.28
A força da Amizade,-22.68668058662491,-43.50181763071247,Nova Iguaçu,1,1,1.0,1.0,54.96
A força da Amizade,-22.373860035183437,-47.57988506425317,Rio Claro,1,1,1.0,1.0,50.09
A força da Amizade,-22.253921120380333,-49.12614687946096,Bauru,2,2,1.0,3.0,134.35
A força da Amizade,-21.745403092737654,-43.46472955075851,Juiz de Fora,1,1,1.0,1.0,51.0
A força da Amizade,-20.303955023171984,-39.08952310984636,Vitória,1,1,1.0,1.0,51.05
A força da Amizade,-19.9026455188955,-43.959976375450296,Belo Horizonte,3,3,1.0,5.0,222.8
A força da Amizade,-19.887161525004213,-44.08400420892467,Contagem,1,1,1.0,1.0,51.05
A força da Amizade,-15.780989331973744,-47.79684222599881,Brasília,2,2,1.0,4.0,171.75
A força da Amizade,-10.220124521865616,-48.15209579471437,Palmas,1,1,1.0,1.0,51.010000000000005
A força da Amizade,-8.039333909339504,-34.9330874014771,Recife,1,1,1.0,1.0,51.03
A força da Amizade,-5.803168491981682,-35.22884262994936,Natal,1,1,1.0,2.0,98.65
Aconteceu na Olimpíada,-24.015588165911947,-46.52271559086033,Praia Grande,1,1,1.0,1.0,42.07
Aconteceu na Olimpíada,-23.81293441083361,-46.55079323325453,São Bernardo do Campo,1,1,1.0,4.0,112.65
Aconteceu na Olimpíada,-23.75973691007183,-46.02998601334051,Bertioga,1,1,1.0,1.0,42.07
Aconteceu na Olimpíada,-23.528737980986808,-46.7892662409682,Osasco,1,1,1.0,1.0,36.81
Aconteceu na Olimpíada,-22.914179768863,-45.237218532269935,Aparecida,1,1,1.0,1.0,42.07
Aconteceu na Olimpíada,-22.42562880605576,-43.91296783132515,Barra do Piraí,1,1,1.0,1.0,46.96
Aconteceu na Olimpíada,-20.391000668267704,-43.610401365245785,Ouro Preto,1,1,1.0,3.0,98.19
Aconteceu na Olimpíada,-19.9026455188955,-43.959976375450296,Belo Horizonte,2,2,1.0,2.0,89.2
Aconteceu na Olimpíada,-18.78333765391893,-41.963509766961856,Governador Valadares,1,1,1.0,6.0,176.34
Aconteceu na Olimpíada,-4.618014215306638,-44.5813764281003,Pedreiras,1,1,1.0,1.0,111.34
Aconteceu num Carnaval,-26.728143081032524,-49.17330716266088,Pomerode,1,1,1.0,1.0,59.6
Aconteceu num Carnaval,-26.383547516357737,-51.00782080067218,Porto União,1,1,1.0,2.0,103.19
Aconteceu num Carnaval,-24.2792418799444,-47.01299429546972,Peruíbe,1,1,1.0,1.0,57.129999999999995
Aconteceu num Carnaval,-24.015588165911947,-46.52271559086033,Praia Grande,1,1,1.0,1.0,57.07
Aconteceu num Carnaval,-23.8542786684703,-46.83064934106134,Embu-Guaçu,1,1,1.0,1.0,51.81
Aconteceu num Carnaval,-23.81293441083361,-46.55079323325453,São Bernardo do Campo,1,1,1.0,3.0,135.89
Aconteceu num Carnaval,-23.649772734594887,-46.64805277523613,São Paulo,7,7,1.0,20.0,897.6099999999999
Aconteceu num Carnaval,-23.507923235518877,-47.2292840292988,Mairinque,1,1,1.0,1.0,57.09
Aconteceu num Carnaval,-22.924992411927533,-42.16001875235804,Arraial do Cabo,1,1,1.0,1.0,59.65
Aconteceu num Carnaval,-22.923153344908297,-43.45097574711059,Rio de Janeiro,5,5,1.0,16.0,773.76
Aconteceu num Carnaval,-22.915311736386744,-42.8169709581896,Maricá,1,1,1.0,1.0,61.96
Aconteceu num Carnaval,-22.72323669385784,-47.28911730195777,Americana,1,1,1.0,1.0,51.81
Aconteceu num Carnaval,-22.563631597382173,-51.52167571504764,Narandiba,1,1,1.0,3.0,139.25
Aconteceu num Carnaval,-22.50570124432169,-44.18829241330677,Barra Mansa,1,1,1.0,1.0,61.97
Aconteceu num Carnaval,-22.397886867706276,-43.15681136396083,Petropolis,1,1,1.0,2.0,107.15
Aconteceu num Carnaval,-22.373860035183437,-47.57988506425317,Rio Claro,1,1,1.0,1.0,57.11
Aconteceu num Carnaval,-20.6675397969475,-50.90092635805423,Sud Mennucci,1,1,1.0,2.0,98.28999999999999
Aconteceu num Carnaval,-20.303955023171984,-39.08952310984636,Vitória,1,1,1.0,1.0,59.6
Aconteceu num Carnaval,-20.074093467675148,-43.9040187096192,Nova Lima,1,1,1.0,1.0,59.61
Aconteceu num Carnaval,-19.9026455188955,-43.959976375450296,Belo Horizonte,4,4,1.0,6.0,322.74
Aconteceu num Carnaval,-19.636332909841308,-46.97214853970688,Araxá,1,1,1.0,1.0,59.6
Aconteceu num Carnaval,-15.780989331973744,-47.79684222599881,Brasília,1,1,1.0,1.0,59.65
Aconteceu num Carnaval,-12.873462706422824,-38.51473369577287,Salvador,1,1,1.0,1.0,59.6
Aconteceu num Carnaval,-10.220124521865616,-48.15209579471437,Palmas,1,1,1.0,1.0,59.629999999999995
Aconteceu num Carnaval,-7.331260347834574,-48.58777767857914,Araguaína,1,1,1.0,3.0,161.39
Aconteceu num Carnaval,-5.803168491981682,-35.22884262994936,Natal,1,1,1.0,3.0,155.85
Carta para uma Mãe,-26.728143081032524,-49.17330716266088,Pomerode,1,1,1.0,1.0,54.61
Carta para uma Mãe,-26.383547516357737,-51.00782080067218,Porto União,1,1,1.0,2.0,93.19
Carta para uma Mãe,-26.29486176258533,-49.34999624306938,São Bento do Sul,1,1,1.0,15.0,563.39
Carta para uma Mãe,-24.015588165911947,-46.52271559086033,Praia Grande,1,1,1.0,1.0,52.07
Carta para uma Mãe,-23.81293441083361,-46.55079323325453,São Bernardo do Campo,1,1,1.0,2.0,82.65
Carta para uma Mãe,-23.75435271718621,-45.60677548359627,São Sebastião,1,1,1.0,2.0,88.28
Carta para uma Mãe,-23.649772734594887,-46.64805277523613,Sao Paulo,2,2,1.0,6.0,237.7
Carta para uma Mãe,-23.649772734594887,-46.64805277523613,São Paulo,3,3,1.0,10.0,390.35
Carta para uma Mãe,-23.40266548145858,-46.45486418029879,Guarulhos,1,1,1.0,1.0,46.81
Carta para uma Mãe,-23.40089774069177,-51.96780084222947,Maringá,1,1,1.0,1.0,54.6
Carta para uma Mãe,-23.31416490655508,-46.73575223978427,Franco da Rocha,1,1,1.0,1.0,46.83
Carta para uma Mãe,-23.298847323772957,-45.99051791454982,Jacareí,1,1,1.0,2.0,88.28
Carta para uma Mãe,-23.09042668268638,-45.92856503489021,São José dos Campos,1,1,1.0,2.0,88.28
Carta para uma Mãe,-22.924992411927533,-42.16001875235804,Arraial do Cabo,1,1,1.0,1.0,56.97
Carta para uma Mãe,-22.914179768863,-45.237218532269935,Aparecida,1,1,1.0,1.0,52.07
Carta para uma Mãe,-22.397886867706276,-43.15681136396083,Petropolis,1,1,1.0,2.0,97.15
Carta para uma Mãe,-22.395779535747444,-48.34051599630755,Dois Córregos,1,1,1.0,5.0,194.25
Carta para uma Mãe,-22.373860035183437,-47.57988506425317,Rio Claro,1,1,1.0,1.0,52.07
Carta para uma Mãe,-22.232034501539047,-47.0289922557125,Mogi Guaçu,1,1,1.0,1.0,52.07
Carta para uma Mãe,-21.210785854051444,-47.821289177547385,Ribeirão Preto,1,1,1.0,1.0,52.07
Carta para uma Mãe,-20.303955023171984,-39.08952310984636,Vitória,1,1,1.0,3.0,126.75
Carta para uma Mãe,-19.9026455188955,-43.959976375450296,Belo Horizonte,3,3,1.0,6.0,384.26
Carta para uma Mãe,-19.711972269375423,-42.102051404221015,Caratinga,1,1,1.0,2.0,93.19
Carta para uma Mãe,-19.64212207929758,-43.97496041275937,Confins,1,1,1.0,2.0,148.19
Carta para uma Mãe,-19.636332909841308,-46.97214853970688,Araxá,1,1,1.0,1.0,54.6
Carta para uma Mãe,-15.780989331973744,-47.79684222599881,Brasília,1,1,1.0,2.0,91.75
Carta para uma Mãe,-15.096200845216725,-54.21993095473693,Primavera do Leste,1,1,1.0,1.0,54.6
Carta para uma Mãe,-12.21114842373132,-39.77713152037757,IPIRÁ,1,1,1.0,3.0,130.8
Carta para uma Mãe,-11.301151072958396,-61.32467985927263,Cacoal,1,1,1.0,1.0,54.6
Carta para uma Mãe,-10.220124521865616,-48.15209579471437,Palmas,1,1,1.0,2.0,97.21000000000001
Carta para uma Mãe,-8.039333909339504,-34.9330874014771,Recife,1,1,1.0,3.0,132.2
Carta para uma Mãe,-7.7950253204515665,-36.64653588244566,Congo,1,1,1.0,1.0,54.6
Carta para uma Mãe,-4.618014215306638,-44.5813764281003,Pedreiras,1,1,1.0,1.0,216.57999999999998
Centenario Millor,-29.78476287921024,-53.82503474744262,Santa Maria,1,1,1.0,3.0,128.19
Centenario Millor,-27.741711133051776,-48.79654070087142,Santo Amaro da Imperatriz,1,1,1.0,1.0,53.010000000000005
Centenario Millor,-27.17324991181695,-48.51748584687266,Bombinhas,1,1,1.0,10.0,386.26
Centenario Millor,-25.47784873597473,-49.2882400183204,Curitiba,1,1,1.0,1.0,53.05
Centenario Millor,-24.2792418799444,-47.01299429546972,Peruíbe,1,1,1.0,1.0,52.07
Centenario Millor,-24.015588165911947,-46.52271559086033,Praia Grande,1,1,1.0,2.0,88.28999999999999
Centenario Millor,-23.649772734594887,-46.64805277523613,São Paulo,3,3,1.0,5.0,211.29000000000002
Centenario Millor,-23.194564968802872,-46.91300767512536,Jundiaí,1,1,1.0,1.0,46.81
Centenario Millor,-23.09042668268638,-45.92856503489021,São José dos Campos,1,1,1.0,3.0,123.28
Centenario Millor,-22.93832004855557,-46.55594884151272,Bragança Paulista,1,1,1.0,2.0,88.31
Centenario Millor,-22.923153344908297,-43.45097574711059,Rio de Janeiro,6,6,1.0,32.0,1243.21
Centenario Millor,-22.397886867706276,-43.15681136396083,Petropolis,1,1,1.0,4.0,169.31
Centenario Millor,-22.397886867706276,-43.15681136396083,Petrópolis,1,1,1.0,1.0,56.97
Centenario Millor,-22.373860035183437,-47.57988506425317,Rio Claro,1,1,1.0,1.0,52.09
Centenario Millor,-21.79289972121012,-48.847842988742734,Ibitinga,1,1,1.0,1.0,52.07
Centenario Millor,-20.074093467675148,-43.9040187096192,Nova Lima,1,1,1.0,2.0,91.75
Centenario Millor,-19.9026455188955,-43.959976375450296,Belo Horizonte,2,2,1.0,5.0,216.91000000000003
Centenario Millor,-19.887161525004213,-44.08400420892467,Contagem,1,1,1.0,1.0,53.0
Centenario Millor,-15.975533537155236,-55.191879420630045,Jaciara,1,1,1.0,1.0,53.03
Centenario Millor,-5.803168491981682,-35.22884262994936,Natal,1,1,1.0,6.0,245.85
Centenario Millor,-4.618014215306638,-44.5813764281003,Pedreiras,1,1,1.0,1.0,53.010000000000005
Centenario Millor,-3.7858297372327256,-38.52800107786928,Fortaleza,1,1,1.0,1.0,53.03
Centenario Millor,0.5627246480325606,-50.69180232773759,Macapa,1,1,1.0,3.0,137.64
Centenário do Dia da Criança,-28.019743450430536,-50.34041785200538,Lages,1,1,1.0,3.0,122.19
Centenário do Dia da Criança,-27.931991984718888,-55.1431641415638,Porto Xavier,1,1,1.0,5.0,190.34
Centenário do Dia da Criança,-27.577647827362725,-48.50816622305268,Florianópolis,1,1,1.0,2.0,87.75
Centenário do Dia da Criança,-24.2792418799444,-47.01299429546972,Peruíbe,1,1,1.0,1.0,50.07
Centenário do Dia da Criança,-24.09223450995626,-46.83451904131375,Itanhaém,1,1,1.0,2.0,84.28
Centenário do Dia da Criança,-24.015588165911947,-46.52271559086033,Praia Grande,1,1,1.0,1.0,50.07
Centenário do Dia da Criança,-23.81293441083361,-46.55079323325453,São Bernardo do Campo,1,1,1.0,2.0,78.65
Centenário do Dia da Criança,-23.75973691007183,-46.02998601334051,Bertioga,1,1,1.0,1.0,44.81
Centenário do Dia da Criança,-22.923153344908297,-43.45097574711059,Rio de Janeiro,3,3,1.0,8.0,341.13
Centenário do Dia da Criança,-22.914179768863,-45.237218532269935,Aparecida,1,1,1.0,1.0,50.07
Centenário do Dia da Criança,-22.68668058662491,-43.50181763071247,Nova Iguacu,1,1,1.0,1.0,54.96
Centenário do Dia da Criança,-22.397886867706276,-43.15681136396083,Petrópolis,1,1,1.0,1.0,54.96
Centenário do Dia da Criança,-21.91867727425055,-47.867163570336224,São Carlos,1,1,1.0,1.0,50.07
Centenário do Dia da Criança,-20.391000668267704,-43.610401365245785,Ouro Preto,1,1,1.0,2.0,89.19
Centenário do Dia da Criança,-19.9026455188955,-43.959976375450296,Belo Horizonte,3,3,1.0,6.0,261.1
Centenário do Dia da Criança,-18.78333765391893,-41.963509766961856,Governador Valadares,1,1,1.0,10.0,360.0
Centenário do Dia da Criança,-16.535479312036742,-57.833527814362384,Caceres,1,1,1.0,1.0,52.6
Centenário do Dia da Criança,-13.877505068267896,-40.14612789429533,Jequié,1,1,1.0,12.0,435.92
Centenário do Dia da Criança,-12.21114842373132,-39.77713152037757,Ipirá,1,1,1.0,5.0,193.21
Centenário do Dia da Criança,-10.220124521865616,-48.15209579471437,Palmas,1,1,1.0,1.0,52.6
Centenário do Dia da Criança,-6.504922462850648,-35.29092428417749,Montanhas,1,1,1.0,1.0,52.6
Clima Extremo,-30.09520265051514,-51.16455566334894,Porto Alegre,2,2,1.0,8.0,327.81
Clima Extremo,-29.201761755080422,-50.556635483047366,São Francisco de Paula,1,1,1.0,1.0,54.65
Clima Extremo,-26.728143081032524,-49.17330716266088,Pomerode,1,1,1.0,1.0,54.61
Clima Extremo,-25.027525771770293,-53.37959433675975,Cascavel,2,2,1.0,5.0,219.97
Clima Extremo,-24.015588165911947,-46.52271559086033,Praia Grande,1,1,1.0,1.0,52.07
Clima Extremo,-23.75973691007183,-46.02998601334051,Bertioga,1,1,1.0,1.0,52.07
Clima Extremo,-23.40089774069177,-51.96780084222947,Maringá,1,1,1.0,1.0,54.6
Clima Extremo,-23.31416490655508,-46.73575223978427,Franco da Rocha,1,1,1.0,1.0,46.81
Clima Extremo,-22.924992411927533,-42.16001875235804,Arraial do Cabo,1,1,1.0,1.0,54.629999999999995
Clima Extremo,-22.923153344908297,-43.45097574711059,Rio de Janeiro,3,3,1.0,19.0,751.4300000000001
Clima Extremo,-22.72323669385784,-47.28911730195777,Americana,1,1,1.0,1.0,46.81
Clima Extremo,-22.397886867706276,-43.15681136396083,Petrópolis,1,1,1.0,1.0,56.96
Clima Extremo,-20.391000668267704,-43.610401365245785,Ouro Preto,1,1,1.0,4.0,165.34
Clima Extremo,-19.9026455188955,-43.959976375450296,Belo Horizonte,2,2,1.0,2.0,109.22999999999999
Clima Extremo,-19.64212207929758,-43.97496041275937,Confins,1,1,1.0,2.0,93.19
Clima Extremo,-16.62019402446142,-43.92877534886892,Montes Claros,1,1,1.0,2.0,93.19
Clima Extremo,-15.780989331973744,-47.79684222599881,Brasília,1,1,1.0,1.0,56.75
Clima Extremo,-15.096200845216725,-54.21993095473693,Primavera do Leste,1,1,1.0,1.0,54.6
Clima Extremo,-10.220124521865616,-48.15209579471437,Palmas,1,1,1.0,1.0,54.65
Clima Extremo,-10.065959174718689,-68.37099355685865,Rio Branco,1,1,1.0,2.0,109.15
Clima Extremo,-6.364487622200582,-37.98919278072048,Alexandria,1,1,1.0,1.0,54.6
Clima Extremo,-5.803168491981682,-35.22884262994936,Natal,2,2,1.0,3.0,157.25
Contos de Mistério e Suspense,-31.580939759737824,-52.34124724516778,Pelotas,1,1,1.0,1.0,58.010000000000005
Contos de Mistério e Suspense,-30.177279787980357,-51.43417537019553,Guaiba,1,1,1.0,1.0,58.010000000000005
Contos de Mistério e Suspense,-29.851746097001385,-51.17679799658779,Esteio,1,1,1.0,3.0,143.91
Contos de Mistério e Suspense,-29.10190940673421,-51.02358821319496,Caxias do Sul,1,1,1.0,3.0,143.91
Contos de Mistério e Suspense,-27.17324991181695,-48.51748584687266,Bombinhas,1,1,1.0,15.0,658.65
Contos de Mistério e Suspense,-26.383547516357737,-51.00782080067218,Porto União,1,1,1.0,3.0,145.35
Contos de Mistério e Suspense,-25.027525771770293,-53.37959433675975,Cascavel,1,1,1.0,1.0,58.05
Contos de Mistério e Suspense,-24.2792418799444,-47.01299429546972,Peruíbe,1,1,1.0,2.0,98.31
Contos de Mistério e Suspense,-24.09223450995626,-46.83451904131375,Itanhaém,1,1,1.0,3.0,139.27
Contos de Mistério e Suspense,-23.86899940682305,-46.29152071669027,Santos,1,1,1.0,1.0,51.81
Contos de Mistério e Suspense,-23.81293441083361,-46.55079323325453,São Bernardo do Campo,1,1,1.0,6.0,257.73
Contos de Mistério e Suspense,-23.727924883403407,-46.44161157309538,Santo André,1,1,1.0,3.0,135.91
Contos de Mistério e Suspense,-23.67970410196802,-53.414175415022896,Umuarama,1,1,1.0,3.0,145.37
Contos de Mistério e Suspense,-23.649772734594887,-46.64805277523613,São Paulo,4,4,1.0,10.0,459.56
Contos de Mistério e Suspense,-23.514039029882756,-51.11040905619693,Londrina,1,1,1.0,5.0,225.35
Contos de Mistério e Suspense,-23.21926864550553,-46.82490871975543,Várzea Paulista,1,1,1.0,2.0,98.28999999999999
Contos de Mistério e Suspense,-22.923153344908297,-43.45097574711059,Rio de Janeiro,2,2,1.0,23.0,1000.96
Contos de Mistério e Suspense,-22.88369221162565,-47.04377412585483,Campinas,1,1,1.0,1.0,51.83
Contos de Mistério e Suspense,-22.632429352002376,-43.29961082078134,Duque de Caxias,1,1,1.0,3.0,147.89
Contos de Mistério e Suspense,-22.253921120380333,-49.12614687946096,Bauru,1,1,1.0,2.0,98.33
Contos de Mistério e Suspense,-21.088538000343807,-41.376799306983976,Mimoso do Sul,1,1,1.0,3.0,145.37
Contos de Mistério e Suspense,-20.482560461623404,-47.77525634708039,Guará,1,1,1.0,6.0,263.01
Contos de Mistério e Suspense,-19.91909866377691,-41.44692291803213,Mutum,1,1,1.0,3.0,145.35
Contos de Mistério e Suspense,-19.887161525004213,-44.08400420892467,Contagem,1,1,1.0,1.0,58.03
Contos de Mistério e Suspense,-15.780989331973744,-47.79684222599881,Brasília,2,2,1.0,6.0,285.65999999999997
Contos de Mistério e Suspense,-11.13481952321048,-40.5686230877366,Jacobina,1,1,1.0,3.0,222.21
Contos de Mistério e Suspense,-10.220124521865616,-48.15209579471437,Palmas,1,1,1.0,1.0,371.71000000000004
Contos de Mistério e Suspense,-7.993099305139017,-34.86636506853861,Olinda,1,1,1.0,2.0,107.22
Lembranças de Família,-29.50878824681177,-51.91987090879248,Estrela,1,1,1.0,3.0,145.34
Lembranças de Família,-27.17324991181695,-48.51748584687266,Bombinhas,1,1,1.0,10.0,436.27
Lembranças de Família,-25.47784873597473,-49.2882400183204,Curitiba,1,1,1.0,1.0,58.03
Lembranças de Família,-25.027525771770293,-53.37959433675975,Cascavel,1,1,1.0,1.0,58.0
Lembranças de Família,-24.70471985228217,-53.77792584349121,Toledo,1,1,1.0,1.0,58.0
Lembranças de Família,-24.2792418799444,-47.01299429546972,Peruíbe,1,1,1.0,2.0,98.31
Lembranças de Família,-24.09223450995626,-46.83451904131375,Itanhaém,1,1,1.0,2.0,98.33
Lembranças de Família,-23.81293441083361,-46.55079323325453,São Bernardo do Campo,1,1,1.0,2.0,92.65
Lembranças de Família,-23.649772734594887,-46.64805277523613,São Paulo,7,7,1.0,21.0,943.13
Lembranças de Família,-23.569459162544,-46.18606701409369,Mogi das Cruzes,1,1,1.0,1.0,51.81
Lembranças de Família,-23.507923235518877,-47.2292840292988,Mairinque,1,1,1.0,1.0,123.28999999999999
Lembranças de Família,-23.46452091514949,-47.44676603007539,Sorocaba,1,1,1.0,3.0,139.25
Lembranças de Família,-23.21926864550553,-46.82490871975543,Várzea Paulista,1,1,1.0,1.0,57.07
Lembranças de Família,-22.923153344908297,-43.45097574711059,Rio de Janeiro,2,2,1.0,18.0,798.96
Lembranças de Família,-22.914179768863,-45.237218532269935,Aparecida,1,1,1.0,1.0,57.07
Lembranças de Família,-22.82560211129916,-42.99700818434585,São Gonçalo,1,1,1.0,1.0,61.96
Lembranças de Família,-22.50570124432169,-44.18829241330677,Barra Mansa,1,1,1.0,2.0,107.17
Lembranças de Família,-22.42562880605576,-43.91296783132515,Barra do Piraí,2,2,1.0,2.0,123.93
Lembranças de Família,-22.373860035183437,-47.57988506425317,Rio Claro,1,1,1.0,1.0,57.09
Lembranças de Família,-22.253921120380333,-49.12614687946096,Bauru,1,1,1.0,2.0,98.28999999999999
Lembranças de Família,-21.745403092737654,-43.46472955075851,Juiz de Fora,1,1,1.0,1.0,58.0
Lembranças de Família,-21.088538000343807,-41.376799306983976,Mimoso do Sul,1,1,1.0,3.0,145.37
Lembranças de Família,-20.912356891771523,-54.25009586336094,Campo Grande,1,1,1.0,3.0,143.9
Lembranças de Família,-20.89290879292665,-41.82970248825149,Varre-Sai,1,1,1.0,2.0,107.15
Lembranças de Família,-20.749767173014494,-44.73598655863336,Oliveira,1,1,1.0,3.0,145.35
Lembranças de Família,-20.482560461623404,-47.77525634708039,Guará,1,1,1.0,3.0,139.25
Lembranças de Família,-20.434055842580552,-40.37824340318898,Vila Velha,1,1,1.0,1.0,58.0
Lembranças de Família,-20.303955023171984,-39.08952310984636,Vitória,1,1,1.0,6.0,268.57
Lembranças de Família,-20.023576977368123,-44.06850018557616,Ibirite,1,1,1.0,1.0,58.05
Lembranças de Família,-19.91909866377691,-41.44692291803213,Mutum,1,1,1.0,2.0,103.19
Lembranças de Família,-19.9026455188955,-43.959976375450296,Belo Horizonte,2,2,1.0,2.0,116.01
Lembranças de Família,-19.43896088550562,-42.60092888947815,Ipatinga,1,1,1.0,3.0,145.34
Lembranças de Família,-15.780989331973744,-47.79684222599881,Brasília,2,2,1.0,2.0,116.01
Lembranças de Família,-14.167830101853829,-41.68907708892019,Brumado,1,1,1.0,3.0,148.2
Lembranças de Família,-12.665973134970988,-38.206294503080734,Camaçari,1,1,1.0,2.0,104.36
Lembranças de Família,-10.791881487710551,-38.54377395830574,Ribeira do Pombal,1,1,1.0,1.0,58.05
Lembranças de Família,-10.220124521865616,-48.15209579471437,Palmas,2,2,1.0,6.0,299.74
Lembranças de Família,-8.039333909339504,-34.9330874014771,Recife,1,1,1.0,3.0,149.87
Lembranças de Família,-7.7950253204515665,-36.64653588244566,Congo,1,1,1.0,1.0,58.07
Lembranças de Família,-6.672724947542542,-41.68602124097045,Inhuma,1,1,1.0,1.0,58.09
Lembranças de Família,-5.803168491981682,-35.22884262994936,Natal,1,1,1.0,2.0,112.65
Lembranças de Família,-4.866314167372847,-43.29914978223807,Caxias,1,1,1.0,1.0,58.0
Lembranças de Família,-3.6005473080127,-39.06055984559424,São Gonçalo do Amarante,1,1,1.0,1.0,58.03
"Livros, Autores e Estilos",-24.2792418799444,-47.01299429546972,Peruíbe,1,1,1.0,1.0,50.09
"Livros, Autores e Estilos",-24.09223450995626,-46.83451904131375,Itanhaém,1,1,1.0,2.0,84.28999999999999
"Livros, Autores e Estilos",-24.015588165911947,-46.52271559086033,Praia Grande,1,1,1.0,2.0,84.28
"Livros, Autores e Estilos",-23.81293441083361,-46.55079323325453,São Bernardo do Campo,1,1,1.0,3.0,111.65
"Livros, Autores e Estilos",-23.649772734594887,-46.64805277523613,Sao Paulo,1,1,1.0,3.0,111.65
"Livros, Autores e Estilos",-23.649772734594887,-46.64805277523613,São Paulo,2,2,1.0,6.0,225.7
"Livros, Autores e Estilos",-22.793382316852487,-45.232898712325344,Guaratinguetá,1,1,1.0,1.0,50.07
"Livros, Autores e Estilos",-22.72323669385784,-47.28911730195777,Americana,1,1,1.0,1.0,44.81
"Livros, Autores e Estilos",-22.373860035183437,-47.57988506425317,Rio Claro,1,1,1.0,1.0,50.09
"Livros, Autores e Estilos",-22.256527004210387,-46.15179787215158,Borda da Mata,1,1,1.0,4.0,157.34
"Livros, Autores e Estilos",-21.745403092737654,-43.46472955075851,Juiz de Fora,1,1,1.0,1.0,51.0
"Livros, Autores e Estilos",-20.482560461623404,-47.77525634708039,Guará,1,1,1.0,3.0,117.28999999999999
"Livros, Autores e Estilos",-20.29067266894325,-40.4420517121883,Cariacica,1,1,1.0,1.0,51.0
"Livros, Autores e Estilos",-15.780989331973744,-47.79684222599881,Brasília,1,1,1.0,1.0,51.0
"Livros, Autores e Estilos",-10.791881487710551,-38.54377395830574,Ribeira do Pombal,1,1,1.0,1.0,51.03
"Livros, Autores e Estilos",-10.220124521865616,-48.15209579471437,Palmas,1,1,1.0,1.0,51.05
"Livros, Autores e Estilos",-7.7950253204515665,-36.64653588244566,Congo,1,1,1.0,1.0,51.0
"Livros, Autores e Estilos",-7.165460227565694,-34.869530995349216,João Pessoa,1,1,1.0,3.0,131.64
"Livros, Autores e Estilos",-5.803168491981682,-35.22884262994936,Natal,1,1,1.0,5.0,200.85
Meu Escritor Favorito,-30.09520265051514,-51.16455566334894,Porto Alegre,1,1,1.0,3.0,128.91
Meu Escritor Favorito,-26.662417092938032,-48.72738100317554,Barra Velha,1,1,1.0,1.0,54.6
Meu Escritor Favorito,-26.29486176258533,-49.34999624306938,São Bento do Sul,1,1,1.0,5.0,200.34
Meu Escritor Favorito,-25.81749860157681,-48.768668267303575,Guaratuba,1,1,1.0,5.0,200.35
Meu Escritor Favorito,-25.027525771770293,-53.37959433675975,Cascavel,1,1,1.0,1.0,54.61
Meu Escritor Favorito,-24.2792418799444,-47.01299429546972,Peruíbe,1,1,1.0,1.0,52.07
Meu Escritor Favorito,-24.09223450995626,-46.83451904131375,Itanhaém,1,1,1.0,2.0,88.28999999999999
Meu Escritor Favorito,-24.015588165911947,-46.52271559086033,Praia Grande,1,1,1.0,1.0,52.07
Meu Escritor Favorito,-23.649772734594887,-46.64805277523613,São Paulo,2,2,1.0,3.0,129.46
Meu Escritor Favorito,-23.31416490655508,-46.73575223978427,Franco da Rocha,1,1,1.0,1.0,46.81
Meu Escritor Favorito,-23.18688496320306,-49.36608889854314,Piraju,1,1,1.0,1.0,52.07
Meu Escritor Favorito,-22.924992411927533,-42.16001875235804,Arraial do Cabo,1,1,1.0,1.0,56.96
Meu Escritor Favorito,-22.923153344908297,-43.45097574711059,Rio de Janeiro,1,1,1.0,2.0,95.71000000000001
Meu Escritor Favorito,-22.793382316852487,-45.232898712325344,Guaratinguetá,1,1,1.0,1.0,52.07
Meu Escritor Favorito,-22.42562880605576,-43.91296783132515,Barra do Piraí,1,1,1.0,1.0,56.96
Meu Escritor Favorito,-21.808009867073576,-46.56325493082852,Poços de Caldas,1,1,1.0,1.0,54.6
Meu Escritor Favorito,-21.745403092737654,-43.46472955075851,Juiz de Fora,2,2,1.0,2.0,109.2
Meu Escritor Favorito,-20.912356891771523,-54.25009586336094,Campo Grande,1,1,1.0,3.0,126.75
Meu Escritor Favorito,-20.391000668267704,-43.610401365245785,Ouro Preto,1,1,1.0,2.0,93.19
Meu Escritor Favorito,-20.29067266894325,-40.4420517121883,Cariacica,1,1,1.0,1.0,54.61
Meu Escritor Favorito,-19.9026455188955,-43.959976375450296,Belo Horizonte,2,2,1.0,2.0,109.21000000000001
Meu Escritor Favorito,-15.096200845216725,-54.21993095473693,Primavera do Leste,1,1,1.0,1.0,54.6
Meu Escritor Favorito,-12.665973134970988,-38.206294503080734,Camaçari,1,1,1.0,1.0,54.6
Meu Escritor Favorito,-12.21114842373132,-39.77713152037757,Ipirá,1,1,1.0,3.0,133.21
Meu Escritor Favorito,-4.618014215306638,-44.5813764281003,Pedreiras,1,1,1.0,1.0,140.34
Meu Escritor Favorito,0.5627246480325606,-50.69180232773759,Macapá,1,1,1.0,2.0,102.64
Natal dos Sonhos,-30.09520265051514,-51.16455566334894,Porto Alegre,1,1,1.0,3.0,131.91
Natal dos Sonhos,-27.741711133051776,-48.79654070087142,Santo Amaro da Imperatriz,1,1,1.0,1.0,54.010000000000005
Natal dos Sonhos,-26.728143081032524,-49.17330716266088,Pomerode,1,1,1.0,1.0,54.03
Natal dos Sonhos,-25.027525771770293,-53.37959433675975,Cascavel,1,1,1.0,1.0,54.0
Natal dos Sonhos,-24.2792418799444,-47.01299429546972,Peruíbe,1,1,1.0,1.0,53.09
Natal dos Sonhos,-24.09223450995626,-46.83451904131375,Itanhaém,1,1,1.0,2.0,90.28999999999999
Natal dos Sonhos,-24.015588165911947,-46.52271559086033,Praia Grande,1,1,1.0,2.0,90.28
Natal dos Sonhos,-23.649772734594887,-46.64805277523613,São Paulo,6,6,1.0,15.0,628.08
Natal dos Sonhos,-23.528737980986808,-46.7892662409682,Osasco,1,1,1.0,3.0,123.89
Natal dos Sonhos,-22.923153344908297,-43.45097574711059,Rio de Janeiro,2,2,1.0,4.0,189.92000000000002
Natal dos Sonhos,-22.914179768863,-45.237218532269935,Aparecida,1,1,1.0,1.0,53.07
Natal dos Sonhos,-22.793382316852487,-45.232898712325344,Guaratinguetá,1,1,1.0,1.0,53.07
Natal dos Sonhos,-22.50570124432169,-44.18829241330677,Barra Mansa,1,1,1.0,1.0,54.07
Natal dos Sonhos,-22.256527004210387,-46.15179787215158,Borda da Mata,1,1,1.0,3.0,133.34
Natal dos Sonhos,-21.91867727425055,-47.867163570336224,São Carlos,1,1,1.0,1.0,53.11
Natal dos Sonhos,-21.745403092737654,-43.46472955075851,Juiz de Fora,1,1,1.0,1.0,54.0
Natal dos Sonhos,-20.303955023171984,-39.08952310984636,Vitória,1,1,1.0,7.0,280.56
Natal dos Sonhos,-19.027515169125987,-48.33174890039868,Uberlândia,1,1,1.0,2.0,95.19
Natal dos Sonhos,-16.535479312036742,-57.833527814362384,Cáceres,1,1,1.0,2.0,97.81
Natal dos Sonhos,-12.387247129157569,-46.565677796955,Taguatinga,1,1,1.0,25.0,900.0
Natal dos Sonhos,-10.791881487710551,-38.54377395830574,Ribeira do Pombal,1,1,1.0,1.0,54.010000000000005
Natal dos Sonhos,-6.373364443768395,-38.40263184993788,Luís Gomes,1,1,1.0,1.0,136.95
Natal dos Sonhos,-4.785750506474868,-47.33241346169191,Açailândia,1,1,1.0,1.0,54.09
Nossos Dons,-28.715649196355827,-49.37971271664099,Criciúma,1,1,1.0,1.0,51.07
Nossos Dons,-27.29277505526261,-50.61755484715737,Curitibanos,1,1,1.0,5.0,190.35
Nossos Dons,-27.18026916131921,-50.41857618743583,Ponte Alta do Norte,1,1,1.0,3.0,122.19
Nossos Dons,-27.17324991181695,-48.51748584687266,Bombinhas,1,1,1.0,5.0,190.35
Nossos Dons,-26.728143081032524,-49.17330716266088,Pomerode,1,1,1.0,1.0,51.05
Nossos Dons,-24.70471985228217,-53.77792584349121,Toledo,1,1,1.0,6.0,223.35
Nossos Dons,-24.2792418799444,-47.01299429546972,Peruíbe,1,1,1.0,1.0,50.11
Nossos Dons,-23.81293441083361,-46.55079323325453,São Bernardo do Campo,2,2,1.0,6.0,225.7
Nossos Dons,-23.65132990825982,-46.85151276181143,Embu das Artes,1,1,1.0,2.0,78.65
Nossos Dons,-23.649772734594887,-46.64805277523613,São Paulo,3,3,1.0,6.0,235.13
Nossos Dons,-23.514039029882756,-51.11040905619693,Londrina,1,1,1.0,5.0,190.35
Nossos Dons,-22.923153344908297,-43.45097574711059,Rio de Janeiro,1,1,1.0,3.0,124.71000000000001
Nossos Dons,-22.914179768863,-45.237218532269935,Aparecida,1,1,1.0,1.0,50.09
Nossos Dons,-22.50570124432169,-44.18829241330677,Barra Mansa,1,1,1.0,2.0,93.15
Nossos Dons,-22.42562880605576,-43.91296783132515,Barra do Pirai,1,1,1.0,1.0,54.989999999999995
Nossos Dons,-22.373860035183437,-47.57988506425317,Rio Claro,1,1,1.0,1.0,50.07
Nossos Dons,-22.253921120380333,-49.12614687946096,Bauru,1,1,1.0,2.0,84.28999999999999
Nossos Dons,-21.808009867073576,-46.56325493082852,Poços de Caldas,1,1,1.0,2.0,89.19
Nossos Dons,-21.210785854051444,-47.821289177547385,Ribeirão Preto,1,1,1.0,3.0,117.28999999999999
Nossos Dons,-19.9026455188955,-43.959976375450296,Belo Horizonte,1,1,1.0,1.0,51.03
Nossos Dons,-19.887161525004213,-44.08400420892467,Contagem,1,1,1.0,1.0,51.07
Nossos Dons,-10.791881487710551,-38.54377395830574,Ribeira do Pombal,1,1,1.0,1.0,51.010000000000005
Nossos Dons,-10.220124521865616,-48.15209579471437,Palmas,1,1,1.0,1.0,51.07
Nossos Dons,-5.803168491981682,-35.22884262994936,Natal,2,2,1.0,4.0,182.72
Nossos Pais,-31.235989238612337,-54.01614430629847,Bagé,1,1,1.0,1.0,54.6
Nossos Pais,-26.168954709435955,-52.663215490334274,Pato Branco,1,1,1.0,3.0,130.35
Nossos Pais,-24.09223450995626,-46.83451904131375,Itanhaém,1,1,1.0,1.0,52.07
Nossos Pais,-24.015588165911947,-46.52271559086033,Praia Grande,1,1,1.0,1.0,52.07
Nossos Pais,-23.81293441083361,-46.55079323325453,São Bernardo do Campo,1,1,1.0,2.0,82.65
Nossos Pais,-23.649772734594887,-46.64805277523613,São Paulo,2,2,1.0,14.0,525.01
Nossos Pais,-23.63961849705816,-45.48806960102275,Caraguatatuba,1,1,1.0,2.0,88.28999999999999
Nossos Pais,-23.46452091514949,-47.44676603007539,Sorocaba,1,1,1.0,2.0,88.31
Nossos Pais,-23.31416490655508,-46.73575223978427,Franco da Rocha,1,1,1.0,1.0,46.81
Nossos Pais,-22.924992411927533,-42.16001875235804,Arraial do Cabo,1,1,1.0,1.0,54.61
Nossos Pais,-22.923153344908297,-43.45097574711059,Rio de Janeiro,2,2,1.0,4.0,189.82000000000002
Nossos Pais,-22.914179768863,-45.237218532269935,Aparecida,1,1,1.0,1.0,52.07
Nossos Pais,-22.82560211129916,-42.99700818434585,São Gonçalo,1,1,1.0,1.0,54.629999999999995
Nossos Pais,-22.793382316852487,-45.232898712325344,Guaratinguetá,1,1,1.0,1.0,52.07
Nossos Pais,-22.68668058662491,-43.50181763071247,Nova Iguaçu,1,1,1.0,3.0,132.86
Nossos Pais,-21.745403092737654,-43.46472955075851,Juiz de Fora,1,1,1.0,1.0,54.6
Nossos Pais,-21.210785854051444,-47.821289177547385,Ribeirão Preto,1,1,1.0,1.0,52.07
Nossos Pais,-20.912356891771523,-54.25009586336094,Campo Grande,1,1,1.0,4.0,165.35
Nossos Pais,-20.391000668267704,-43.610401365245785,Ouro Preto,1,1,1.0,3.0,130.37
Nossos Pais,-20.303955023171984,-39.08952310984636,Vitória,1,1,1.0,1.0,54.6
Nossos Pais,-19.9026455188955,-43.959976375450296,Belo Horizonte,2,2,1.0,2.0,109.25999999999999
Nossos Pais,-19.711972269375423,-42.102051404221015,Caratinga,1,1,1.0,2.0,93.19
Nossos Pais,-19.30143861560347,-41.90192383855311,Tarumirim,1,1,1.0,1.0,54.6
Nossos Pais,-15.780989331973744,-47.79684222599881,Brasília,3,3,1.0,5.0,238.10999999999999
Nossos Pais,-15.096200845216725,-54.21993095473693,Primavera do Leste,1,1,1.0,1.0,54.6
Nossos Pais,-6.504922462850648,-35.29092428417749,Montanhas,1,1,1.0,1.0,54.6
Racismo. Até quando,-27.77172544263221,-48.6617137480422,Palhoça,1,1,1.0,1.0,55.8
Racismo. Até quando,-24.283483368475167,-51.62924627407746,Ivaiporã,1,1,1.0,3.0,138.75
Racismo. Até quando,-24.015588165911947,-46.52271559086033,Praia Grande,1,1,1.0,2.0,93.88
Racismo. Até quando,-23.81293441083361,-46.55079323325453,São Bernardo do Campo,1,1,1.0,3.0,129.29
Racismo. Até quando,-23.649772734594887,-46.64805277523613,São Paulo,4,4,1.0,13.0,545.96
Racismo. Até quando,-23.528737980986808,-46.7892662409682,Osasco,1,1,1.0,1.0,55.87
Racismo. Até quando,-23.146476891234634,-47.068384074628526,Itupeva,1,1,1.0,2.0,93.88999999999999
Racismo. Até quando,-22.923153344908297,-43.45097574711059,Rio de Janeiro,2,2,1.0,5.0,242.57999999999998
Racismo. Até quando,-22.88369221162565,-47.04377412585483,Campinas,1,1,1.0,1.0,49.61
Racismo. Até quando,-22.397886867706276,-43.15681136396083,Petropolis,1,1,1.0,3.0,142.70999999999998
Racismo. Até quando,-22.253921120380333,-49.12614687946096,Bauru,1,1,1.0,2.0,100.06
Racismo. Até quando,-21.745403092737654,-43.46472955075851,Juiz de Fora,1,1,1.0,1.0,55.8
Racismo. Até quando,-20.303955023171984,-39.08952310984636,Vitória,1,1,1.0,1.0,55.8
Racismo. Até quando,-19.887161525004213,-44.08400420892467,Contagem,1,1,1.0,1.0,55.8
Racismo. Até quando,-12.873462706422824,-38.51473369577287,Salvador,1,1,1.0,1.0,55.8
Racismo. Até quando,-7.59686656503046,-34.942498718328736,Goiana,1,1,1.0,10.0,431.97
Racismo. Até quando,-5.803168491981682,-35.22884262994936,Natal,1,1,1.0,1.0,56.67
Racismo. Até quando,-4.785750506474868,-47.33241346169191,Açailândia,1,1,1.0,1.0,55.83
Revisitando o Passado,-30.09520265051514,-51.16455566334894,Porto Alegre,1,1,1.0,3.0,143.91
Revisitando o Passado,-29.26723772431304,-49.72193006369103,Passo de Torres,1,1,1.0,1.0,59.730000000000004
Revisitando o Passado,-29.10190940673421,-51.02358821319496,Caxias do Sul,1,1,1.0,4.0,185.34
Revisitando o Passado,-27.17324991181695,-48.51748584687266,Bombinhas,1,1,1.0,8.0,356.26
Revisitando o Passado,-26.728143081032524,-49.17330716266088,Pomerode,1,1,1.0,1.0,59.629999999999995
Revisitando o Passado,-24.2792418799444,-47.01299429546972,Peruíbe,1,1,1.0,1.0,59.67
Revisitando o Passado,-24.015588165911947,-46.52271559086033,Praia Grande,1,1,1.0,1.0,57.07
Revisitando o Passado,-23.649772734594887,-46.64805277523613,São Paulo,5,5,1.0,13.0,590.72
Revisitando o Passado,-23.569459162544,-46.18606701409369,Mogi das Cruzes,1,1,1.0,1.0,51.81
Revisitando o Passado,-23.528737980986808,-46.7892662409682,Osasco,1,1,1.0,3.0,135.89
Revisitando o Passado,-22.924992411927533,-42.16001875235804,Arraial do Cabo,1,1,1.0,1.0,59.61
Revisitando o Passado,-22.923153344908297,-43.45097574711059,rio de janeiro,1,1,1.0,3.0,147.86
Revisitando o Passado,-22.55765614658293,-46.21712946925482,Senador Amaral,1,1,1.0,1.0,59.65
Revisitando o Passado,-22.50570124432169,-44.18829241330677,Barra Mansa,1,1,1.0,1.0,59.69
Revisitando o Passado,-22.373860035183437,-47.57988506425317,Rio Claro,1,1,1.0,1.0,57.07
Revisitando o Passado,-22.15597994986973,-54.15208005718635,Deodápolis,1,1,1.0,5.0,225.34
Revisitando o Passado,-21.808009867073576,-46.56325493082852,Poços de Caldas,1,1,1.0,2.0,103.19
Revisitando o Passado,-21.745403092737654,-43.46472955075851,Juiz de Fora,1,1,1.0,1.0,59.6
Revisitando o Passado,-21.113642938774905,-50.57457267275649,Araçatuba,1,1,1.0,1.0,57.07
Revisitando o Passado,-20.303955023171984,-39.08952310984636,Vitória,1,1,1.0,1.0,59.6
Revisitando o Passado,-20.29067266894325,-40.4420517121883,Cariacica,1,1,1.0,1.0,59.6
Revisitando o Passado,-19.9026455188955,-43.959976375450296,Belo Horizonte,1,1,1.0,1.0,59.71
Revisitando o Passado,-19.636332909841308,-46.97214853970688,Araxá,1,1,1.0,1.0,59.6
Revisitando o Passado,-16.643506032394534,-49.27377270030497,Goiânia,1,1,1.0,1.0,59.6
Revisitando o Passado,-15.780989331973744,-47.79684222599881,Brasília,2,2,1.0,2.0,119.2
Revisitando o Passado,-12.873462706422824,-38.51473369577287,Salvador,1,1,1.0,1.0,59.6
Revisitando o Passado,-12.21114842373132,-39.77713152037757,IPIRÁ,1,1,1.0,5.0,228.2
Revisitando o Passado,-11.301151072958396,-61.32467985927263,CACOAL,1,1,1.0,1.0,59.6
Revisitando o Passado,-10.994173586029795,-37.09490636235426,Aracaju,1,1,1.0,1.0,59.6
Revisitando o Passado,-10.220124521865616,-48.15209579471437,Palmas,1,1,1.0,4.0,189.87
Revisitando o Passado,-7.7950253204515665,-36.64653588244566,Congo,1,1,1.0,1.0,59.6
Revisitando o Passado,-6.926838135114464,-35.8488027463795,Remígio,1,1,1.0,1.0,59.6
Revisitando o Passado,-5.803168491981682,-35.22884262994936,Natal,1,1,1.0,1.0,59.6
Revisitando o Passado,-4.401704646276621,-38.11290522553521,Beberibe,1,1,1.0,1.0,59.6
Saudade Eterna,-30.09520265051514,-51.16455566334894,Porto Alegre,1,1,1.0,3.0,143.91
Saudade Eterna,-29.471836804145187,-51.77794132742283,Teutônia,1,1,1.0,5.0,230.01
Saudade Eterna,-28.268829070882926,-52.452517449788765,Passo Fundo,1,1,1.0,1.0,58.0
Saudade Eterna,-27.77172544263221,-48.6617137480422,Palhoça,1,1,1.0,1.0,58.0
Saudade Eterna,-27.17324991181695,-48.51748584687266,Bombinhas,1,1,1.0,6.0,270.0
Saudade Eterna,-26.728143081032524,-49.17330716266088,Pomerode,1,1,1.0,1.0,58.010000000000005
Saudade Eterna,-26.168954709435955,-52.663215490334274,Pato Branco,1,1,1.0,4.0,185.35
Saudade Eterna,-25.47784873597473,-49.2882400183204,Curitiba,1,1,1.0,1.0,58.0
Saudade Eterna,-25.44254400145041,-50.05773987790781,Palmeira,1,1,1.0,1.0,58.0
Saudade Eterna,-25.139572714533287,-50.08083363182878,Ponta Grossa,1,1,1.0,1.0,58.0
Saudade Eterna,-25.027525771770293,-53.37959433675975,Cascavel,1,1,1.0,3.0,145.34
Saudade Eterna,-24.09223450995626,-46.83451904131375,Itanhaém,1,1,1.0,2.0,98.28999999999999
Saudade Eterna,-24.015588165911947,-46.52271559086033,Praia Grande,1,1,1.0,2.0,98.28
Saudade Eterna,-23.81293441083361,-46.55079323325453,São Bernardo do Campo,1,1,1.0,4.0,175.91
Saudade Eterna,-23.727924883403407,-46.44161157309538,Santo André,1,1,1.0,2.0,92.65
Saudade Eterna,-23.649772734594887,-46.64805277523613,São Paulo,5,5,1.0,12.0,551.31
Saudade Eterna,-23.46452091514949,-47.44676603007539,Sorocaba,1,1,1.0,1.0,57.07
Saudade Eterna,-23.087074662657443,-45.50240963294768,Taubaté,1,1,1.0,1.0,57.07
Saudade Eterna,-23.08403668619249,-46.93762756979618,Louveira,1,1,1.0,3.0,139.25
Saudade Eterna,-22.923153344908297,-43.45097574711059,Rio de Janeiro,1,1,1.0,3.0,120.0
Saudade Eterna,-22.50570124432169,-44.18829241330677,Barra Mansa,1,1,1.0,1.0,61.97
Saudade Eterna,-22.42562880605576,-43.91296783132515,Barra do Piraí,1,1,1.0,1.0,62.010000000000005
Saudade Eterna,-22.373860035183437,-47.57988506425317,Rio Claro,1,1,1.0,1.0,57.07
Saudade Eterna,-22.253921120380333,-49.12614687946096,Bauru,1,1,1.0,4.0,179.25
Saudade Eterna,-21.745403092737654,-43.46472955075851,Juiz de Fora,1,1,1.0,1.0,58.0
Saudade Eterna,-21.335815721668244,-43.514915705984464,Oliveira Fortes,1,1,1.0,1.0,58.05
Saudade Eterna,-20.912356891771523,-54.25009586336094,Campo Grande,1,1,1.0,4.0,183.91
Saudade Eterna,-20.303955023171984,-39.08952310984636,Vitória,1,1,1.0,4.0,183.9
Saudade Eterna,-20.29067266894325,-40.4420517121883,Cariacica,1,1,1.0,1.0,58.0
Saudade Eterna,-19.9026455188955,-43.959976375450296,Belo Horizonte,3,3,1.0,5.0,259.93
Saudade Eterna,-18.596856726563573,-46.5078033104956,Patos de Minas,1,1,1.0,1.0,58.0
Saudade Eterna,-16.64013560407145,-49.54475905573359,Trindade,1,1,1.0,1.0,58.0
Saudade Eterna,-16.397024760453796,-49.967851903088885,Anicuns,1,1,1.0,3.0,145.34
Saudade Eterna,-15.780989331973744,-47.79684222599881,Brasília,2,2,1.0,2.0,116.0
Saudade Eterna,-12.873462706422824,-38.51473369577287,Salvador,1,1,1.0,3.0,146.77
Saudade Eterna,-10.220124521865616,-48.15209579471437,Palmas,1,1,1.0,1.0,58.05
Saudade Eterna,-7.7950253204515665,-36.64653588244566,Congo,1,1,1.0,1.0,58.0
Saudade Eterna,-6.504922462850648,-35.29092428417749,Montanhas,1,1,1.0,1.0,58.0
Saudade Eterna,-5.803168491981682,-35.22884262994936,Natal,1,1,1.0,5.0,242.82999999999998
Saudade Eterna,-4.618014215306638,-44.5813764281003,Pedreiras,1,1,1.0,1.0,58.010000000000005
Saudade Eterna,-3.8745281669704608,-38.627134094299,Maracanaú,1,1,1.0,2.0,107.21000000000001
Segredos,-29.10190940673421,-51.02358821319496,Caxias do Sul,1,1,1.0,3.0,142.34
Segredos,-27.17324991181695,-48.51748584687266,Bombinhas,1,1,1.0,10.0,426.27
Segredos,-25.027525771770293,-53.37959433675975,Cascavel,1,1,1.0,1.0,57.0
Segredos,-24.2792418799444,-47.01299429546972,Peruíbe,1,1,1.0,1.0,56.09
Segredos,-24.09223450995626,-46.83451904131375,Itanhaém,1,1,1.0,1.0,56.07
Segredos,-24.015588165911947,-46.52271559086033,Praia Grande,1,1,1.0,2.0,96.28
Segredos,-23.81293441083361,-46.55079323325453,São Bernardo do Campo,2,2,1.0,7.0,304.79999999999995
Segredos,-23.649772734594887,-46.64805277523613,São Paulo,4,4,1.0,8.0,367.45
Segredos,-23.46452091514949,-47.44676603007539,Sorocaba,1,1,1.0,1.0,56.07
Segredos,-23.298847323772957,-45.99051791454982,Jacareí,1,1,1.0,3.0,136.25
Segredos,-22.923153344908297,-43.45097574711059,Rio de Janeiro,4,4,1.0,10.0,495.64
Segredos,-22.88369221162565,-47.04377412585483,Campinas,1,1,1.0,3.0,132.89
Segredos,-22.632429352002376,-43.29961082078134,Duque de Caxias,1,1,1.0,5.0,222.87
Segredos,-22.50570124432169,-44.18829241330677,Barra Mansa,1,1,1.0,1.0,60.96
Segredos,-22.373860035183437,-47.57988506425317,Rio Claro,1,1,1.0,1.0,56.09
Segredos,-22.253921120380333,-49.12614687946096,Bauru,1,1,1.0,1.0,56.07
Segredos,-21.808009867073576,-46.56325493082852,Poços de Caldas,1,1,1.0,2.0,101.21000000000001
Segredos,-21.210785854051444,-47.821289177547385,Ribeirão Preto,1,1,1.0,1.0,56.07
Segredos,-21.088538000343807,-41.376799306983976,Mimoso do Sul,1,1,1.0,2.0,101.19
Segredos,-20.482560461623404,-47.77525634708039,Guará,1,1,1.0,3.0,136.25
Segredos,-19.887161525004213,-44.08400420892467,Contagem,1,1,1.0,1.0,57.0
Segredos,-18.29763235521852,-45.06913984209212,Três Marias,1,1,1.0,1.0,57.0
Segredos,-15.780989331973744,-47.79684222599881,Brasília,3,3,1.0,24.0,1138.57
Segredos,-14.352404323868171,-41.84523324802937,Malhada de Pedras,1,1,1.0,1.0,57.0
Segredos,-12.873462706422824,-38.51473369577287,Salvador,2,2,1.0,6.0,287.53
Segredos,-12.01280092904987,-45.54255185568425,Barreiras,1,1,1.0,1.0,57.010000000000005
Segredos,-9.749274480005294,-36.64101120347438,Arapiraca,1,1,1.0,1.0,57.010000000000005
Segredos,-8.149762344002419,-35.28694772059332,Vitória de Santo Antão,1,1,1.0,1.0,57.0
Segredos,-5.803168491981682,-35.22884262994936,Natal,1,1,1.0,1.0,57.0
Segredos,-4.618014215306638,-44.5813764281003,Pedreiras,1,1,1.0,1.0,142.0
Segredos,-2.6258000663522774,-60.25966177840484,Manaus,1,1,1.0,1.0,118.64
Simplesmente Amor,-27.018108128579232,-49.5285411435009,Ibirama,1,1,1.0,3.0,142.35
Simplesmente Amor,-26.728143081032524,-49.17330716266088,Pomerode,1,1,1.0,1.0,57.15
Simplesmente Amor,-25.47784873597473,-49.2882400183204,Curitiba,1,1,1.0,3.0,140.93
Simplesmente Amor,-25.027525771770293,-53.37959433675975,Cascavel,1,1,1.0,1.0,57.010000000000005
Simplesmente Amor,-24.70471985228217,-53.77792584349121,Toledo,1,1,1.0,2.0,101.19
Simplesmente Amor,-24.249899525275826,-50.52256535727943,Telêmaco Borba,1,1,1.0,6.0,567.39
Simplesmente Amor,-24.09223450995626,-46.83451904131375,Itanhaém,1,1,1.0,3.0,136.25
Simplesmente Amor,-24.015588165911947,-46.52271559086033,Praia Grande,1,1,1.0,1.0,50.83
Simplesmente Amor,-23.81293441083361,-46.55079323325453,São Bernardo do Campo,2,2,1.0,5.0,222.77999999999997
Simplesmente Amor,-23.727924883403407,-46.44161157309538,Santo André,1,1,1.0,4.0,171.91
Simplesmente Amor,-23.65132990825982,-46.85151276181143,Embu das Artes,1,1,1.0,3.0,132.89
Simplesmente Amor,-23.649772734594887,-46.64805277523613,São Paulo,6,6,1.0,18.0,790.0999999999999
Simplesmente Amor,-23.569459162544,-46.18606701409369,Mogi das Cruzes,1,1,1.0,2.0,90.67
Simplesmente Amor,-23.507923235518877,-47.2292840292988,Mairinque,1,1,1.0,1.0,56.07
Simplesmente Amor,-23.194564968802872,-46.91300767512536,Jundiaí,1,1,1.0,2.0,90.65
Simplesmente Amor,-23.00668447435885,-46.81430380457922,Itatiba,1,1,1.0,1.0,50.87
Simplesmente Amor,-22.923153344908297,-43.45097574711059,Rio de Janeiro,2,2,1.0,2.0,121.96
Simplesmente Amor,-22.88369221162565,-47.04377412585483,Campinas,2,2,1.0,2.0,101.72
Simplesmente Amor,-22.42562880605576,-43.91296783132515,Barra do Piraí,1,1,1.0,1.0,61.010000000000005
Simplesmente Amor,-22.023992557300343,-42.2735331946593,Macuco,1,1,1.0,3.0,146.31
Simplesmente Amor,-21.91867727425055,-47.867163570336224,São Carlos,1,1,1.0,1.0,56.07
Simplesmente Amor,-21.745403092737654,-43.46472955075851,Juiz de Fora,1,1,1.0,1.0,57.11
Simplesmente Amor,-20.55359430325125,-45.51638902685296,Formiga,1,1,1.0,3.0,142.35
Simplesmente Amor,-20.303955023171984,-39.08952310984636,Vitória,1,1,1.0,5.0,218.91
Simplesmente Amor,-20.023576977368123,-44.06850018557616,Ibirité,1,1,1.0,1.0,57.129999999999995
Simplesmente Amor,-19.9026455188955,-43.959976375450296,Belo Horizonte,3,3,1.0,7.0,340.40999999999997
Simplesmente Amor,-19.887161525004213,-44.08400420892467,Contagem,2,2,1.0,2.0,114.25999999999999
Simplesmente Amor,-15.780989331973744,-47.79684222599881,Brasília,2,2,1.0,6.0,275.98
Simplesmente Amor,-15.592019680453502,-55.81861876460015,Cuiabá,1,1,1.0,1.0,57.11
Simplesmente Amor,-15.362550434278276,-52.442722806975326,Barra do Garças,1,1,1.0,1.0,120.21000000000001
Simplesmente Amor,-12.873462706422824,-38.51473369577287,Salvador,4,4,1.0,9.0,444.66
Simplesmente Amor,-10.220124521865616,-48.15209579471437,Palmas,2,2,1.0,5.0,431.74
Simplesmente Amor,-9.850541697810309,-48.29095634686874,Lajeado,1,1,1.0,3.0,158.39
Simplesmente Amor,-8.149762344002419,-35.28694772059332,Vitória de Santo Antão,1,1,1.0,2.0,116.72999999999999
Simplesmente Amor,-8.039333909339504,-34.9330874014771,Recife,1,1,1.0,3.0,146.87
Simplesmente Amor,-7.9867725592760115,-34.99581237081755,Camaragibe,1,1,1.0,2.0,105.21000000000001
Simplesmente Amor,-6.448643071673414,-35.42895350899543,Nova Cruz,1,1,1.0,2.0,129.35
Simplesmente Amor,-5.803168491981682,-35.22884262994936,Natal,1,1,1.0,2.0,110.65
Simplesmente Amor,-4.866314167372847,-43.29914978223807,Caxias,1,1,1.0,1.0,57.15
Simplesmente Amor,-4.618014215306638,-44.5813764281003,Pedreiras,1,1,1.0,1.0,57.11
Simplesmente Amor,-4.183822005059549,-38.49832696851416,Pacajus,1,1,1.0,1.0,57.05
Todas as Formas de Amor,-31.235989238612337,-54.01614430629847,Bagé,1,1,1.0,1.0,59.61
Todas as Formas de Amor,-25.41989089123897,-49.155605839657966,Pinhais,1,1,1.0,2.0,101.75
Todas as Formas de Amor,-24.70471985228217,-53.77792584349121,Toledo,1,1,1.0,6.0,270.01
Todas as Formas de Amor,-24.2792418799444,-47.01299429546972,Peruíbe,1,1,1.0,1.0,57.07
Todas as Formas de Amor,-24.09223450995626,-46.83451904131375,Itanhaém,1,1,1.0,2.0,98.28999999999999
Todas as Formas de Amor,-24.015588165911947,-46.52271559086033,Praia Grande,1,1,1.0,1.0,57.07
Todas as Formas de Amor,-23.69720956245986,-46.61142777751107,Diadema,1,1,1.0,3.0,135.89
Todas as Formas de Amor,-23.649772734594887,-46.64805277523613,São Paulo,10,10,1.0,31.0,1383.77
Todas as Formas de Amor,-23.62613895440561,-46.56606256772141,São Caetano do Sul,1,1,1.0,3.0,135.89
Todas as Formas de Amor,-23.40266548145858,-46.45486418029879,Guarulhos,1,1,1.0,1.0,51.81
Todas as Formas de Amor,-23.40089774069177,-51.96780084222947,Maringá,1,1,1.0,3.0,145.34
Todas as Formas de Amor,-23.31416490655508,-46.73575223978427,Franco da Rocha,1,1,1.0,1.0,51.81
Todas as Formas de Amor,-23.298847323772957,-45.99051791454982,Jacareí,1,1,1.0,2.0,98.28
Todas as Formas de Amor,-23.00668447435885,-46.81430380457922,Itatiba,1,1,1.0,1.0,57.07
Todas as Formas de Amor,-22.924992411927533,-42.16001875235804,Arraial do Cabo,1,1,1.0,1.0,61.96
Todas as Formas de Amor,-22.923153344908297,-43.45097574711059,Rio de Janeiro,3,3,1.0,5.0,271.78000000000003
Todas as Formas de Amor,-22.91498692745763,-43.055343519751965,Niterói,1,1,1.0,1.0,126.72
Todas as Formas de Amor,-22.86331024759332,-48.468265872334754,Botucatu,1,1,1.0,1.0,57.07
Todas as Formas de Amor,-22.72323669385784,-47.28911730195777,Americana,1,1,1.0,1.0,51.81
Todas as Formas de Amor,-22.583445306888347,-42.96401428964074,Guapimirim,1,1,1.0,1.0,61.97
Todas as Formas de Amor,-22.563631597382173,-51.52167571504764,Narandiba,1,1,1.0,3.0,139.25
Todas as Formas de Amor,-22.44053460726389,-44.485234616908805,Resende,1,1,1.0,1.0,59.61
Todas as Formas de Amor,-22.397886867706276,-43.15681136396083,Petrópolis,1,1,1.0,2.0,107.15
Todas as Formas de Amor,-22.373860035183437,-47.57988506425317,Rio Claro,1,1,1.0,1.0,57.07
Todas as Formas de Amor,-21.745403092737654,-43.46472955075851,Juiz de Fora,1,1,1.0,1.0,59.6
Todas as Formas de Amor,-20.391000668267704,-43.610401365245785,Ouro Preto,1,1,1.0,5.0,230.01
Todas as Formas de Amor,-20.29067266894325,-40.4420517121883,Cariacica,1,1,1.0,1.0,59.6
Todas as Formas de Amor,-19.9026455188955,-43.959976375450296,Belo Horizonte,1,1,1.0,1.0,59.629999999999995
Todas as Formas de Amor,-19.64212207929758,-43.97496041275937,Confins,1,1,1.0,2.0,103.19
Todas as Formas de Amor,-19.43896088550562,-42.60092888947815,Ipatinga,1,1,1.0,1.0,59.6
Todas as Formas de Amor,-19.027515169125987,-48.33174890039868,Uberlândia,1,1,1.0,1.0,59.6
Todas as Formas de Amor,-16.62019402446142,-43.92877534886892,Montes Claros,1,1,1.0,2.0,103.19
Todas as Formas de Amor,-15.780989331973744,-47.79684222599881,Brasília,1,1,1.0,2.0,101.77
Todas as Formas de Amor,-15.299224160305856,-40.0575241276704,Itapetinga,1,1,1.0,5.0,233.43
Todas as Formas de Amor,-15.096200845216725,-54.21993095473693,Primavera do Leste,1,1,1.0,1.0,59.6
Todas as Formas de Amor,-12.873462706422824,-38.51473369577287,Salvador,4,4,1.0,6.0,327.94
Todas as Formas de Amor,-12.41758582552501,-41.88477410182151,Seabra,1,1,1.0,1.0,59.71
Todas as Formas de Amor,-11.301151072958396,-61.32467985927263,Cacoal,1,1,1.0,1.0,59.6
Todas as Formas de Amor,-10.994173586029795,-37.09490636235426,Aracaju,2,2,1.0,2.0,119.22999999999999
Todas as Formas de Amor,-10.220124521865616,-48.15209579471437,Palmas,2,2,1.0,2.0,119.28
Todas as Formas de Amor,-5.914324959699415,-35.230121111687296,Parnamirim,1,1,1.0,1.0,59.69
Todas as Formas de Amor,-5.803168491981682,-35.22884262994936,Natal,2,2,1.0,3.0,172.25
